{"cameraMode":{"drawMode":0,"name":"Shaded","section":"Shading Mode"},"sceneLighting":true,"audioPlay":false,"sceneViewState":{"showFog":true,"showMaterialUpdate":false,"showSkybox":true,"showFlares":true,"showImageEffects":true,"showParticleSystems":true},"in2DMode":false,"pivot":{"x":666.17138671875,"y":-9.080902099609375,"z":222.66595458984376},"rotation":{"x":-0.3240891695022583,"y":-0.1294330209493637,"z":0.04481310769915581,"w":-0.9360594749450684},"size":504.3929443359375,"orthographic":false}